flight_id,op_type,flight_number,operation_type,scheduled_time,aircraft_type_icao,aircraft_type_iata,airline_iata,origin_icao,destination_icao,predicted_passengers,gate,baggage_belt,flight_type_iata,actual_arrival_time,actual_departure_time
20260327T032000Z_DK4508_D_EFHK,D,DK4508,departure,2026-03-27T03:20:00.000Z,A321,32B,,EFHK,ENVA,,,,P,,2026-03-27T03:12:09.000Z
20260327T033000Z_BT326_D_EFHK,D,BT326,departure,2026-03-27T03:30:00.000Z,BCS3,223,,EFHK,EVRA,,30,,J,,2026-03-27T03:25:30.000Z
20260327T034500Z_AY431_D_EFHK,D,AY431,departure,2026-03-27T03:45:00.000Z,A319,319,,EFHK,EFOU,,36A,,J,,2026-03-27T03:42:51.000Z
20260327T041500Z_SK1705_D_EFHK,D,SK1705,departure,2026-03-27T04:15:00.000Z,A20N,32N,,EFHK,EKCH,,14,,J,,2026-03-27T04:04:16.000Z
20260327T042500Z_AY322_A_EFHK,A,AY322,arrival,2026-03-27T04:25:00.000Z,AT76,AT7,,EFVA,EFHK,,8,,J,2026-03-27T04:16:38.000Z,2026-03-27T03:21:00.000Z
20260327T042500Z_AY376_A_EFHK,A,AY376,arrival,2026-03-27T04:25:00.000Z,AT76,AT7,,EFKU,EFHK,,5,,J,2026-03-27T04:06:42.000Z,2026-03-27T03:13:00.000Z
20260327T043000Z_AY1671_D_EFHK,D,AY1671,departure,2026-03-27T04:30:00.000Z,A321,32B,,EFHK,LEMG,,28,,J,,2026-03-27T04:31:16.000Z
20260327T043500Z_AY450_A_EFHK,A,AY450,arrival,2026-03-27T04:35:00.000Z,A320,320,,EFOU,EFHK,,14,,J,2026-03-27T04:26:27.000Z,2026-03-27T03:28:00.000Z
20260327T043500Z_AY1036_A_EFHK,A,AY1036,arrival,2026-03-27T04:35:00.000Z,AT76,AT7,,EETN,EFHK,,9,,J,2026-03-27T04:28:55.000Z,2026-03-27T03:53:00.000Z
20260327T043500Z_AY1371_D_EFHK,D,AY1371,departure,2026-03-27T04:35:00.000Z,A319,319,,EFHK,EGPH,,40,,J,,2026-03-27T04:36:47.000Z
20260327T044000Z_AY540_A_EFHK,A,AY540,arrival,2026-03-27T04:40:00.000Z,E190,E90,,EFRO,EFHK,,36,,J,2026-03-27T04:26:13.000Z,2026-03-27T03:13:00.000Z
20260327T044000Z_AY290_A_EFHK,A,AY290,arrival,2026-03-27T04:40:00.000Z,AT76,AT7,,EFJY,EFHK,,6,,J,2026-03-27T04:31:35.000Z,2026-03-27T03:52:00.000Z
20260327T044000Z_AY633_D_EFHK,D,AY633,departure,2026-03-27T04:40:00.000Z,A321,321,,EFHK,EFIV,,29,,J,,2026-03-27T04:51:31.000Z
20260327T044500Z_AY531_D_EFHK,D,AY531,departure,2026-03-27T04:45:00.000Z,A321,32B,,EFHK,EFRO,,12,,J,,2026-03-27T04:42:50.000Z
20260327T044500Z_AY861_D_EFHK,D,AY861,departure,2026-03-27T04:45:00.000Z,AT76,AT7,,EFHK,ESGG,,31C,,J,,2026-03-27T04:39:04.000Z
20260327T044500Z_AY1421_D_EFHK,D,AY1421,departure,2026-03-27T04:45:00.000Z,A320,320,,EFHK,EDDH,,26,,J,,2026-03-27T04:46:02.000Z
20260327T045000Z_LH2465_D_EFHK,D,LH2465,departure,2026-03-27T04:50:00.000Z,A320,32A,,EFHK,EDDM,,21,,J,,2026-03-27T04:42:34.000Z
20260327T045000Z_AY911_D_EFHK,D,AY911,departure,2026-03-27T04:50:00.000Z,A321,32B,,EFHK,ENGM,,27,,J,,2026-03-27T04:43:59.000Z
20260327T045500Z_AY396_A_EFHK,A,AY396,arrival,2026-03-27T04:55:00.000Z,AT76,AT7,,EFKK,EFHK,,10,,J,2026-03-27T04:48:21.000Z,2026-03-27T03:49:00.000Z
20260327T045500Z_AY1046_A_EFHK,A,AY1046,arrival,2026-03-27T04:55:00.000Z,AT76,AT7,,EETU,EFHK,,11,,J,2026-03-27T04:44:28.000Z,2026-03-27T03:59:00.000Z
20260327T045500Z_AY951_D_EFHK,D,AY951,departure,2026-03-27T04:55:00.000Z,A321,321,,EFHK,EKCH,,30,,J,,2026-03-27T04:52:17.000Z
20260327T045500Z_LH855_D_EFHK,D,LH855,departure,2026-03-27T04:55:00.000Z,A21N,32Q,,EFHK,EDDF,,20,,J,,2026-03-27T04:52:08.000Z
20260327T045500Z_AY1431_D_EFHK,D,AY1431,departure,2026-03-27T04:55:00.000Z,A321,32B,,EFHK,EDDB,,13,,J,,2026-03-27T04:54:47.000Z
20260327T050000Z_KL1248_D_EFHK,D,KL1248,departure,2026-03-27T05:00:00.000Z,A21N,32Q,,EFHK,EHAM,,19,,J,,2026-03-27T05:05:29.000Z
20260327T050000Z_SK701_D_EFHK,D,SK701,departure,2026-03-27T05:00:00.000Z,A20N,32N,,EFHK,ESSA,,15,,J,,2026-03-27T04:58:56.000Z
20260327T050000Z_AY921_D_EFHK,D,AY921,departure,2026-03-27T05:00:00.000Z,AT76,AT7,,EFHK,ENBR,,8,,J,,2026-03-27T05:01:21.000Z
20260327T050000Z_AY801_D_EFHK,D,AY801,departure,2026-03-27T05:00:00.000Z,A320,320,,EFHK,ESSA,,24,,J,,2026-03-27T04:58:23.000Z
20260327T050500Z_AY361_D_EFHK,D,AY361,departure,2026-03-27T05:05:00.000Z,AT76,AT7,,EFHK,EFKU,,13A,,J,,2026-03-27T05:00:01.000Z
20260327T050500Z_AY1161_D_EFHK,D,AY1161,departure,2026-03-27T05:05:00.000Z,E190,E90,,EFHK,EPKK,,31E,,J,,2026-03-27T05:01:00.000Z
20260327T050500Z_AY433_D_EFHK,D,AY433,departure,2026-03-27T05:05:00.000Z,A321,32B,,EFHK,EFOU,,23B,,J,,2026-03-27T05:02:52.000Z
20260327T051000Z_AY541_D_EFHK,D,AY541,departure,2026-03-27T05:10:00.000Z,A320,320,,EFHK,EFRO,,36A,,J,,2026-03-27T05:06:40.000Z
20260327T051500Z_AY1791_D_EFHK,D,AY1791,departure,2026-03-27T05:15:00.000Z,A320,320,,EFHK,LIRN,,22,,J,,2026-03-27T05:16:58.000Z
20260327T052000Z_AY481_D_EFHK,D,AY481,departure,2026-03-27T05:20:00.000Z,AT76,AT7,,EFHK,EFKS,,9,,J,,2026-03-27T05:21:00.000Z
20260327T052000Z_AY991_D_EFHK,D,AY991,departure,2026-03-27T05:20:00.000Z,A321,32B,,EFHK,BIKF,,35,,J,,2026-03-27T05:29:26.000Z
20260327T052500Z_AY211_D_EFHK,D,AY211,departure,2026-03-27T05:25:00.000Z,AT76,AT7,,EFHK,EFMA,,11,,J,,2026-03-27T05:23:51.000Z
20260327T052500Z_AY1761_D_EFHK,D,AY1761,departure,2026-03-27T05:25:00.000Z,A321,32B,,EFHK,LIRF,,25,,J,,2026-03-27T05:27:29.000Z
20260327T052500Z_AY1141_D_EFHK,D,AY1141,departure,2026-03-27T05:25:00.000Z,E190,E90,,EFHK,EPWA,,36,,J,,2026-03-27T05:31:37.000Z
20260327T052500Z_AY1011_D_EFHK,D,AY1011,departure,2026-03-27T05:25:00.000Z,AT76,AT7,,EFHK,EETN,,6,,J,,2026-03-27T05:25:56.000Z
20260327T053000Z_FX4267_A_EFHK,A,FX4267,arrival,2026-03-27T05:30:00.000Z,B738,73K,,LFPG,EFHK,,,,F,2026-03-27T05:47:53.000Z,
20260327T053000Z_AY1721_D_EFHK,D,AY1721,departure,2026-03-27T05:30:00.000Z,A359,359,,EFHK,GCLP,,31D,,J,,2026-03-27T05:29:46.000Z
20260327T053500Z_AY1571_D_EFHK,D,AY1571,departure,2026-03-27T05:35:00.000Z,A320,320,,EFHK,LFPG,,32,,J,,2026-03-27T05:36:09.000Z
20260327T054000Z_AY1541_D_EFHK,D,AY1541,departure,2026-03-27T05:40:00.000Z,A319,319,,EFHK,EBBR,,27,,J,,2026-03-27T05:36:51.000Z
20260327T054000Z_AY1391_D_EFHK,D,AY1391,departure,2026-03-27T05:40:00.000Z,E190,E90,,EFHK,EDDL,,34,,J,,2026-03-27T05:37:57.000Z
20260327T054000Z_AY1101_D_EFHK,D,AY1101,departure,2026-03-27T05:40:00.000Z,AT76,AT7,,EFHK,EYVI,,5,,J,,2026-03-27T05:38:16.000Z
20260327T054000Z_D82602_D_EFHK,D,D82602,departure,2026-03-27T05:40:00.000Z,B38M,7M8,,EFHK,ESSA,,17,,J,,2026-03-27T05:37:29.000Z
20260327T054500Z_AY1071_D_EFHK,D,AY1071,departure,2026-03-27T05:45:00.000Z,AT76,AT7,,EFHK,EVRA,,10,,J,,2026-03-27T05:38:34.000Z
20260327T054500Z_AY1411_D_EFHK,D,AY1411,departure,2026-03-27T05:45:00.000Z,B738,73H,,EFHK,EDDF,,26,,J,,2026-03-27T05:49:34.000Z
20260327T055000Z_QY3612_A_EFHK,A,QY3612,arrival,2026-03-27T05:50:00.000Z,A306,AB6,,EDDP,EFHK,,,,F,2026-03-27T06:14:03.000Z,
20260327T055000Z_AY1401_D_EFHK,D,AY1401,departure,2026-03-27T05:50:00.000Z,A320,320,,EFHK,EDDM,,14,,J,,2026-03-27T05:39:50.000Z
20260327T055000Z_AY1331_D_EFHK,D,AY1331,departure,2026-03-27T05:50:00.000Z,A359,359,,EFHK,EGLL,,52,,J,,2026-03-27T05:51:36.000Z
20260327T055500Z_AY803_D_EFHK,D,AY803,departure,2026-03-27T05:55:00.000Z,A320,320,,EFHK,ESSA,,34A,,J,,2026-03-27T05:43:51.000Z
20260327T055500Z_AY1531_D_EFHK,D,AY1531,departure,2026-03-27T05:55:00.000Z,A319,319,,EFHK,LSGG,,30,,J,,2026-03-27T05:52:24.000Z
20260327T060000Z_BT301_A_EFHK,A,BT301,arrival,2026-03-27T06:00:00.000Z,BCS3,CS3,,EVRA,EFHK,,19,,J,2026-03-27T05:52:39.000Z,2026-03-27T04:55:00.000Z
20260327T060000Z_D82522_D_EFHK,D,D82522,departure,2026-03-27T06:00:00.000Z,B38M,7M8,,EFHK,EFRO,,16,,J,,2026-03-27T06:01:36.000Z
20260327T060000Z_AY1361_D_EFHK,D,AY1361,departure,2026-03-27T06:00:00.000Z,E190,E90,,EFHK,EGCC,,40,,J,,2026-03-27T06:32:44.000Z
20260327T060000Z_JTD913_D_EFHK,D,JTD913,departure,2026-03-27T06:00:00.000Z,B738,73H,,EFHK,GCLP,,21,,C,,2026-03-27T06:08:11.000Z
20260327T060000Z_AY1511_D_EFHK,D,AY1511,departure,2026-03-27T06:00:00.000Z,E190,E90,,EFHK,LSZH,,24,,J,,2026-03-27T06:06:58.000Z
20260327T060000Z_AY1751_D_EFHK,D,AY1751,departure,2026-03-27T06:00:00.000Z,A320,320,,EFHK,LIMC,,23,,J,,2026-03-27T06:01:33.000Z
20260327T060500Z_5X292_A_EFHK,A,5X292,arrival,2026-03-27T06:05:00.000Z,B763,76V,,ESMS,EFHK,,,,F,2026-03-27T06:49:32.000Z,
20260327T061000Z_AY485_D_EFHK,D,AY485,departure,2026-03-27T06:10:00.000Z,AT76,AT7,,EFHK,EFKS,,31E,,J,,2026-03-27T06:12:00.000Z
20260327T061500Z_AY1301_D_EFHK,D,AY1301,departure,2026-03-27T06:15:00.000Z,A321,32B,,EFHK,EHAM,,20,,J,,2026-03-27T06:13:43.000Z
20260327T061500Z_D82766_D_EFHK,D,D82766,departure,2026-03-27T06:15:00.000Z,B38M,7M8,,EFHK,EGKK,,42,,J,,2026-03-27T06:09:48.000Z
20260327T062000Z_3U9609_A_EFHK,A,3U9609,arrival,2026-03-27T06:20:00.000Z,A332,33X,,ZUTF,EFHK,,,,F,2026-03-27T07:46:12.000Z,
20260327T062500Z_RP650_A_EFHK,A,RP650,arrival,2026-03-27T06:25:00.000Z,E120,EM2,,EFSA,EFHK,,,,J,2026-03-27T06:36:00.000Z,2026-03-27T05:32:00.000Z
20260327T062500Z_D82990_D_EFHK,D,D82990,departure,2026-03-27T06:25:00.000Z,B38M,7M8,,EFHK,HEGN,,44,,J,,2026-03-27T06:22:06.000Z
20260327T062500Z_FX4267_D_EFHK,D,FX4267,departure,2026-03-27T06:25:00.000Z,B738,73K,,EFHK,EETN,,,,F,,2026-03-27T06:28:12.000Z
20260327T062500Z_AY1691_D_EFHK,D,AY1691,departure,2026-03-27T06:25:00.000Z,A321,32B,,EFHK,GCTS,,28,,J,,2026-03-27T06:20:11.000Z
20260327T063500Z_AY826_A_EFHK,A,AY826,arrival,2026-03-27T06:35:00.000Z,AT76,AT7,,ESSA,EFHK,,11,,J,2026-03-27T06:19:20.000Z,2026-03-27T05:14:00.000Z
20260327T064000Z_AY962_A_EFHK,A,AY962,arrival,2026-03-27T06:40:00.000Z,E190,E90,,EKCH,EFHK,,24,,J,2026-03-27T06:31:39.000Z,2026-03-27T04:53:00.000Z
20260327T064000Z_AY432_A_EFHK,A,AY432,arrival,2026-03-27T06:40:00.000Z,A319,319,,EFOU,EFHK,,13,,J,2026-03-27T06:18:52.000Z,2026-03-27T05:21:00.000Z
20260327T064000Z_BT302_D_EFHK,D,BT302,departure,2026-03-27T06:40:00.000Z,BCS3,CS3,,EFHK,EVRA,,19,,J,,2026-03-27T06:33:43.000Z
20260327T065000Z_FR8907_A_EFHK,A,FR8907,arrival,2026-03-27T06:50:00.000Z,B738,73H,,EPMO,EFHK,,8,,J,2026-03-27T06:26:34.000Z,2026-03-27T04:53:00.000Z
20260327T065000Z_AY920_A_EFHK,A,AY920,arrival,2026-03-27T06:50:00.000Z,E190,E90,,ENGM,EFHK,,20,,J,2026-03-27T06:45:48.000Z,2026-03-27T05:24:00.000Z
20260327T065500Z_AY870_A_EFHK,A,AY870,arrival,2026-03-27T06:55:00.000Z,E190,E90,,ESGG,EFHK,,26,,J,2026-03-27T06:55:00.000Z,2026-03-27T05:37:00.000Z
20260327T065500Z_AY1012_A_EFHK,A,AY1012,arrival,2026-03-27T06:55:00.000Z,AT76,AT7,,EETN,EFHK,,10,,J,2026-03-27T06:50:48.000Z,2026-03-27T06:20:00.000Z
20260327T070500Z_AY435_D_EFHK,D,AY435,departure,2026-03-27T07:05:00.000Z,AT76,AT7,,EFHK,EFOU,,11,,J,,2026-03-27T07:01:30.000Z
20260327T072000Z_AEG7004_D_EFHK,D,AEG7004,departure,2026-03-27T07:20:00.000Z,SF34,SFF,,EFHK,EETN,,,,F,,2026-03-27T08:06:00.000Z
20260327T072500Z_FR8908_D_EFHK,D,FR8908,departure,2026-03-27T07:25:00.000Z,B738,73H,,EFHK,EPMO,,8,,J,,2026-03-27T07:29:05.000Z
20260327T072500Z_AY341_D_EFHK,D,AY341,departure,2026-03-27T07:25:00.000Z,AT76,AT7,,EFHK,EFJO,,10,,J,,2026-03-27T07:22:53.000Z
20260327T072500Z_AY1251_D_EFHK,D,AY1251,departure,2026-03-27T07:25:00.000Z,E190,E90,,EFHK,LHBP,,24,,J,,2026-03-27T07:17:23.000Z
20260327T072500Z_AY1471_D_EFHK,D,AY1471,departure,2026-03-27T07:25:00.000Z,B738,73H,,EFHK,LOWW,,18,,J,,2026-03-27T07:27:04.000Z
20260327T073500Z_AY362_A_EFHK,A,AY362,arrival,2026-03-27T07:35:00.000Z,AT76,AT7,,EFKU,EFHK,,11,,J,2026-03-27T07:14:15.000Z,2026-03-27T06:18:00.000Z
20260327T073500Z_AY212_A_EFHK,A,AY212,arrival,2026-03-27T07:35:00.000Z,AT76,AT7,,EFMA,EFHK,,9,,J,2026-03-27T07:16:11.000Z,
20260327T074000Z_AY1221_D_EFHK,D,AY1221,departure,2026-03-27T07:40:00.000Z,A319,319,,EFHK,LKPR,,13,,J,,2026-03-27T07:55:01.000Z
20260327T075500Z_AY802_A_EFHK,A,AY802,arrival,2026-03-27T07:55:00.000Z,A320,320,,ESSA,EFHK,,17,,J,2026-03-27T07:45:02.000Z,
20260327T075500Z_AY434_A_EFHK,A,AY434,arrival,2026-03-27T07:55:00.000Z,A321,32B,,EFOU,EFHK,,14,,J,2026-03-27T07:38:20.000Z,2026-03-27T06:41:00.000Z
20260327T081000Z_AY532_A_EFHK,A,AY532,arrival,2026-03-27T08:10:00.000Z,A321,32B,,EFRO,EFHK,,12,,J,2026-03-27T07:57:39.000Z,2026-03-27T06:46:00.000Z
20260327T081000Z_AY805_D_EFHK,D,AY805,departure,2026-03-27T08:10:00.000Z,AT76,AT7,,EFHK,ESSA,,11,,J,,2026-03-27T08:03:10.000Z
20260327T081000Z_AY413_D_EFHK,D,AY413,departure,2026-03-27T08:10:00.000Z,AT76,AT7,,EFHK,EFKI,,9,,J,,2026-03-27T07:58:30.000Z
20260327T082000Z_D82876_D_EFHK,D,D82876,departure,2026-03-27T08:20:00.000Z,B38M,7M8,,EFHK,GCTS,,15,,J,,2026-03-27T08:21:16.000Z
20260327T082000Z_3U9609_D_EFHK,D,3U9609,departure,2026-03-27T08:20:00.000Z,A332,33X,,EFHK,EBBR,,,,F,,2026-03-27T09:19:12.000Z
20260327T082500Z_D82603_A_EFHK,A,D82603,arrival,2026-03-27T08:25:00.000Z,B38M,7M8,,ESSA,EFHK,,19,,J,2026-03-27T08:11:42.000Z,
20260327T083500Z_SK702_A_EFHK,A,SK702,arrival,2026-03-27T08:35:00.000Z,AT76,ATR,,ESSA,EFHK,,,,J,2026-03-27T08:21:30.000Z,2026-03-27T07:10:00.000Z
20260327T084000Z_SK1706_A_EFHK,A,SK1706,arrival,2026-03-27T08:40:00.000Z,A20N,32N,,EKCH,EFHK,,21,,J,2026-03-27T08:40:55.000Z,2026-03-27T07:01:00.000Z
20260327T084000Z_AY1582_A_EFHK,A,AY1582,arrival,2026-03-27T08:40:00.000Z,E190,E90,,LFPG,EFHK,,24,,J,2026-03-27T08:52:20.000Z,2026-03-27T05:57:00.000Z
20260327T084000Z_AY1072_A_EFHK,A,AY1072,arrival,2026-03-27T08:40:00.000Z,AT76,AT7,,EVRA,EFHK,,10,,J,2026-03-27T08:13:17.000Z,2026-03-27T07:10:00.000Z
20260327T084000Z_AY912_A_EFHK,A,AY912,arrival,2026-03-27T08:40:00.000Z,A321,32B,,ENGM,EFHK,,32,,J,2026-03-27T08:31:10.000Z,2026-03-27T07:13:00.000Z
20260327T084000Z_AY1550_A_EFHK,A,AY1550,arrival,2026-03-27T08:40:00.000Z,E190,E90,,EBBR,EFHK,,13,,J,2026-03-27T08:59:42.000Z,2026-03-27T06:31:00.000Z
20260327T084000Z_AY1423_D_EFHK,D,AY1423,departure,2026-03-27T08:40:00.000Z,E190,E90,,EFHK,EDDH,,20,,J,,2026-03-27T08:28:16.000Z
20260327T084500Z_FR3392_A_EFHK,A,FR3392,arrival,2026-03-27T08:45:00.000Z,B38M,7M8,,LIME,EFHK,,8,,J,2026-03-27T08:24:20.000Z,2026-03-27T05:30:00.000Z
20260327T085000Z_AY804_A_EFHK,A,AY804,arrival,2026-03-27T08:50:00.000Z,A320,320,,ESSA,EFHK,,30,,J,2026-03-27T08:36:52.000Z,2026-03-27T07:41:00.000Z
20260327T085000Z_AY603_D_EFHK,D,AY603,departure,2026-03-27T08:50:00.000Z,A321,32B,,EFHK,EFIV,,14,,J,,2026-03-27T08:41:07.000Z
20260327T090000Z_AY952_A_EFHK,A,AY952,arrival,2026-03-27T09:00:00.000Z,A321,321,,EKCH,EFHK,,18,,J,2026-03-27T08:45:23.000Z,2026-03-27T07:12:00.000Z
20260327T090500Z_AY862_A_EFHK,A,AY862,arrival,2026-03-27T09:05:00.000Z,AT76,AT7,,ESGG,EFHK,,11,,J,2026-03-27T08:53:20.000Z,2026-03-27T07:02:00.000Z
20260327T090500Z_SK705_D_EFHK,D,SK705,departure,2026-03-27T09:05:00.000Z,AT76,ATR,,EFHK,ESSA,,23B,,J,,2026-03-27T09:02:34.000Z
20260327T091000Z_AY573_D_EFHK,D,AY573,departure,2026-03-27T09:10:00.000Z,A321,32B,,EFHK,EFKT,,12,,J,,2026-03-27T09:12:17.000Z
20260327T091500Z_AY1103_D_EFHK,D,AY1103,departure,2026-03-27T09:15:00.000Z,AT76,AT7,,EFHK,EYVI,,10,,J,,2026-03-27T09:14:42.000Z
20260327T091500Z_AY1433_D_EFHK,D,AY1433,departure,2026-03-27T09:15:00.000Z,A320,320,,EFHK,EDDB,,17,,J,,2026-03-27T09:11:20.000Z
20260327T092000Z_AY1422_A_EFHK,A,AY1422,arrival,2026-03-27T09:20:00.000Z,A320,320,,EDDH,EFHK,,28,,J,2026-03-27T09:36:12.000Z,2026-03-27T07:42:00.000Z
20260327T092000Z_SK1707_D_EFHK,D,SK1707,departure,2026-03-27T09:20:00.000Z,A20N,32N,,EFHK,EKCH,,21,,J,,2026-03-27T09:22:12.000Z
20260327T092000Z_FR3393_D_EFHK,D,FR3393,departure,2026-03-27T09:20:00.000Z,B38M,7M8,,EFHK,LIME,,8,,J,,2026-03-27T09:17:35.000Z
20260327T092500Z_D82523_A_EFHK,A,D82523,arrival,2026-03-27T09:25:00.000Z,B38M,7M8,,EFRO,EFHK,,16,,J,2026-03-27T09:10:13.000Z,2026-03-27T07:56:00.000Z
20260327T092500Z_D82872_D_EFHK,D,D82872,departure,2026-03-27T09:25:00.000Z,B38M,7M8,,EFHK,GCLP,,19,,J,,2026-03-27T09:15:32.000Z
20260327T093000Z_AY1701_D_EFHK,D,AY1701,departure,2026-03-27T09:30:00.000Z,A321,32B,,EFHK,GCFV,,29,,J,,2026-03-27T09:25:55.000Z
20260327T093500Z_AY1432_A_EFHK,A,AY1432,arrival,2026-03-27T09:35:00.000Z,A321,32B,,EDDB,EFHK,,12,,J,2026-03-27T09:37:10.000Z,
20260327T093500Z_TK1761_A_EFHK,A,TK1761,arrival,2026-03-27T09:35:00.000Z,B739,739,,LTFM,EFHK,,46,,J,2026-03-27T09:50:55.000Z,2026-03-27T06:26:00.000Z
20260327T093500Z_AY1142_A_EFHK,A,AY1142,arrival,2026-03-27T09:35:00.000Z,E190,E90,,EPWA,EFHK,,20,,J,2026-03-27T09:12:49.000Z,2026-03-27T07:41:00.000Z
20260327T093500Z_AY1102_A_EFHK,A,AY1102,arrival,2026-03-27T09:35:00.000Z,AT76,AT7,,EYVI,EFHK,,5,,J,2026-03-27T09:06:19.000Z,2026-03-27T07:39:00.000Z
20260327T093500Z_AY913_D_EFHK,D,AY913,departure,2026-03-27T09:35:00.000Z,A320,320,,EFHK,ENGM,,30,,J,,2026-03-27T09:30:02.000Z
20260327T093500Z_AY953_D_EFHK,D,AY953,departure,2026-03-27T09:35:00.000Z,A321,32B,,EFHK,EKCH,,32,,J,,2026-03-27T09:40:22.000Z
20260327T093500Z_AY515_D_EFHK,D,AY515,departure,2026-03-27T09:35:00.000Z,AT76,AT7,,EFHK,EFKE,,11,,J,,2026-03-27T09:38:55.000Z
20260327T094000Z_AY633_A_EFHK,A,AY633,arrival,2026-03-27T09:40:00.000Z,A321,321,,EFKT,EFHK,,25,,J,2026-03-27T09:40:00.000Z,2026-03-27T08:20:00.000Z
20260327T094000Z_AY313_D_EFHK,D,AY313,departure,2026-03-27T09:40:00.000Z,AT76,AT7,,EFHK,EFVA,,9,,J,,2026-03-27T10:41:12.000Z
20260327T094000Z_AY1143_D_EFHK,D,AY1143,departure,2026-03-27T09:40:00.000Z,E190,E90,,EFHK,EPWA,,26,,J,,2026-03-27T09:31:33.000Z
20260327T094500Z_AY8932_A_EFHK,A,AY8932,arrival,2026-03-27T09:45:00.000Z,AT76,AT7,,EFOU,EFHK,,9,,J,2026-03-27T09:55:34.000Z,2026-03-27T08:46:00.000Z
20260327T094500Z_AY1162_A_EFHK,A,AY1162,arrival,2026-03-27T09:45:00.000Z,E190,E90,,EPKK,EFHK,,36,,J,2026-03-27T09:44:32.000Z,2026-03-27T07:48:00.000Z
20260327T094500Z_AY863_D_EFHK,D,AY863,departure,2026-03-27T09:45:00.000Z,E190,E90,,EFHK,ESGG,,13,,J,,2026-03-27T09:59:15.000Z
20260327T095500Z_FR2344_A_EFHK,A,FR2344,arrival,2026-03-27T09:55:00.000Z,B738,73H,,EGSS,EFHK,,44,,J,2026-03-27T09:29:44.000Z,2026-03-27T06:45:00.000Z
20260327T095500Z_AY533_D_EFHK,D,AY533,departure,2026-03-27T09:55:00.000Z,A321,321,,EFHK,EFRO,,18,,J,,2026-03-27T09:51:16.000Z
20260327T100000Z_LH2460_A_EFHK,A,LH2460,arrival,2026-03-27T10:00:00.000Z,A321,321,,EDDM,EFHK,,21,,J,2026-03-27T09:54:50.000Z,2026-03-27T07:25:00.000Z
20260327T100000Z_AY342_A_EFHK,A,AY342,arrival,2026-03-27T10:00:00.000Z,AT76,AT7,,EFJO,EFHK,,11,,J,2026-03-27T09:46:37.000Z,2026-03-27T08:45:00.000Z
20260327T101000Z_D85650_A_EFHK,A,D85650,arrival,2026-03-27T10:10:00.000Z,B738,73H,,LEPA,EFHK,,17,,J,2026-03-27T10:01:32.000Z,2026-03-27T05:53:00.000Z
20260327T101000Z_AY1073_D_EFHK,D,AY1073,departure,2026-03-27T10:10:00.000Z,AT76,AT7,,EFHK,EVRA,,5,,J,,2026-03-27T10:02:02.000Z
20260327T101500Z_D82884_D_EFHK,D,D82884,departure,2026-03-27T10:15:00.000Z,B38M,7M8,,EFHK,LEMG,,16,,J,,2026-03-27T10:11:02.000Z
20260327T101500Z_AY1575_D_EFHK,D,AY1575,departure,2026-03-27T10:15:00.000Z,E190,E90,,EFHK,LFPG,,24,,J,,2026-03-27T10:14:49.000Z
20260327T102000Z_AY1340_A_EFHK,A,AY1340,arrival,2026-03-27T10:20:00.000Z,A321,32B,,EGLL,EFHK,,52,,J,2026-03-27T10:18:12.000Z,2026-03-27T07:32:00.000Z
20260327T102000Z_AY436_A_EFHK,A,AY436,arrival,2026-03-27T10:20:00.000Z,AT76,AT7,,EFOU,EFHK,,8,,J,2026-03-27T10:02:14.000Z,2026-03-27T08:47:00.000Z
20260327T103000Z_AY922_A_EFHK,A,AY922,arrival,2026-03-27T10:30:00.000Z,AT76,AT7,,ENBR,EFHK,,9,,J,2026-03-27T10:58:44.000Z,2026-03-27T08:23:00.000Z
20260327T103000Z_FR2345_D_EFHK,D,FR2345,departure,2026-03-27T10:30:00.000Z,B738,73H,,EFHK,EGSS,,44,,J,,2026-03-27T10:33:44.000Z
20260327T103000Z_AY1739_D_EFHK,D,AY1739,departure,2026-03-27T10:30:00.000Z,A321,32B,,EFHK,LPPT,,12,,J,,2026-03-27T10:53:48.000Z
20260327T103000Z_TK1762_D_EFHK,D,TK1762,departure,2026-03-27T10:30:00.000Z,B739,739,,EFHK,LTFM,,46,,J,,2026-03-27T11:01:19.000Z
20260327T103000Z_AY807_D_EFHK,D,AY807,departure,2026-03-27T10:30:00.000Z,A320,320,,EFHK,ESSA,,28,,J,,2026-03-27T10:35:48.000Z
20260327T103500Z_AY437_D_EFHK,D,AY437,departure,2026-03-27T10:35:00.000Z,A321,321,,EFHK,EFOU,,25,,J,,2026-03-27T10:41:31.000Z
20260327T103500Z_AY365_D_EFHK,D,AY365,departure,2026-03-27T10:35:00.000Z,AT76,AT7,,EFHK,EFKU,,11,,J,,2026-03-27T10:33:53.000Z
20260327T103500Z_AY391_D_EFHK,D,AY391,departure,2026-03-27T10:35:00.000Z,AT76,AT7,,EFHK,EFKK,,13A,,J,,2026-03-27T10:47:02.000Z
20260327T104500Z_LH2461_D_EFHK,D,LH2461,departure,2026-03-27T10:45:00.000Z,A321,321,,EFHK,EDDM,,21,,J,,2026-03-27T10:42:24.000Z
20260327T105000Z_AY1372_A_EFHK,A,AY1372,arrival,2026-03-27T10:50:00.000Z,A319,319,,EGPH,EFHK,,42,,J,2026-03-27T10:40:26.000Z,2026-03-27T08:10:00.000Z
20260327T105500Z_FI342_A_EFHK,A,FI342,arrival,2026-03-27T10:55:00.000Z,B39M,7M9,,BIKF,EFHK,,35,,J,2026-03-27T11:07:48.000Z,2026-03-27T07:43:00.000Z
20260327T110000Z_AY806_A_EFHK,A,AY806,arrival,2026-03-27T11:00:00.000Z,AT76,AT7,,ESSA,EFHK,,11,,J,2026-03-27T10:52:40.000Z,2026-03-27T09:50:00.000Z
20260327T110000Z_AY285_D_EFHK,D,AY285,departure,2026-03-27T11:00:00.000Z,AT76,AT7,,EFHK,EFJY,,8,,J,,2026-03-27T10:50:41.000Z
20260327T110500Z_A3764_A_EFHK,A,A3764,arrival,2026-03-27T11:05:00.000Z,A20N,32N,,LGAV,EFHK,,18,,J,2026-03-27T10:50:11.000Z,2026-03-27T07:23:00.000Z
20260327T110500Z_D85651_D_EFHK,D,D85651,departure,2026-03-27T11:05:00.000Z,B738,73H,,EFHK,LEPA,,17,,J,,2026-03-27T11:02:08.000Z
20260327T110500Z_AY545_D_EFHK,D,AY545,departure,2026-03-27T11:05:00.000Z,E190,E90,,EFHK,EFRO,,26,,J,,2026-03-27T10:59:30.000Z
20260327T111000Z_KL1251_A_EFHK,A,KL1251,arrival,2026-03-27T11:10:00.000Z,A21N,32Q,,EHAM,EFHK,,19,,J,2026-03-27T11:31:36.000Z,2026-03-27T09:10:00.000Z
20260327T111000Z_AY414_A_EFHK,A,AY414,arrival,2026-03-27T11:10:00.000Z,AT76,AT7,,EFKI,EFHK,,10,,J,2026-03-27T11:00:19.000Z,2026-03-27T09:42:00.000Z
20260327T111500Z_AY809_D_EFHK,D,AY809,departure,2026-03-27T11:15:00.000Z,AT76,AT7,,EFHK,ESSA,,10,,J,,2026-03-27T11:41:18.000Z
20260327T112000Z_LH848_A_EFHK,A,LH848,arrival,2026-03-27T11:20:00.000Z,A320,32A,,EDDF,EFHK,,21,,J,2026-03-27T11:18:30.000Z,2026-03-27T08:51:00.000Z
20260327T112500Z_AY1047_D_EFHK,D,AY1047,departure,2026-03-27T11:25:00.000Z,AT76,AT7,,EFHK,EETU,,9,,J,,2026-03-27T11:32:36.000Z
20260327T113000Z_DY1190_A_EFHK,A,DY1190,arrival,2026-03-27T11:30:00.000Z,B738,738,,ENGM,EFHK,,16,,J,2026-03-27T11:22:36.000Z,2026-03-27T10:03:00.000Z
20260327T113500Z_PC1311_A_EFHK,A,PC1311,arrival,2026-03-27T11:35:00.000Z,A20N,32N,,LTFJ,EFHK,,49,,J,2026-03-27T11:50:34.000Z,2026-03-27T08:01:00.000Z
20260327T113500Z_AY439_D_EFHK,D,AY439,departure,2026-03-27T11:35:00.000Z,E190,E90,,EFHK,EFOU,,20,,J,,2026-03-27T11:25:29.000Z
20260327T114500Z_AY1019_D_EFHK,D,AY1019,departure,2026-03-27T11:45:00.000Z,AT76,AT7,,EFHK,EETN,,11,,J,,2026-03-27T11:44:00.000Z
20260327T115000Z_AY141_D_EFHK,D,AY141,departure,2026-03-27T11:50:00.000Z,A359,359,,EFHK,VTBS,,47,,J,,2026-03-27T11:48:13.000Z
20260327T115500Z_AY016_A_EFHK,A,AY016,arrival,2026-03-27T11:55:00.000Z,A359,359,,KJFK,EFHK,,46,,J,2026-03-27T11:28:00.000Z,2026-03-27T03:46:00.000Z
20260327T115500Z_FI343_D_EFHK,D,FI343,departure,2026-03-27T11:55:00.000Z,B39M,7M9,,EFHK,BIKF,,35,,J,,2026-03-27T12:17:40.000Z
20260327T115500Z_A3765_D_EFHK,D,A3765,departure,2026-03-27T11:55:00.000Z,A20N,32N,,EFHK,LGAV,,18,,J,,2026-03-27T12:02:21.000Z
20260327T120000Z_AY1335_D_EFHK,D,AY1335,departure,2026-03-27T12:00:00.000Z,A321,32B,,EFHK,EGLL,,52,,J,,2026-03-27T11:55:34.000Z
20260327T120500Z_AY1402_A_EFHK,A,AY1402,arrival,2026-03-27T12:05:00.000Z,A320,320,,EDDM,EFHK,,13,,J,2026-03-27T11:47:13.000Z,2026-03-27T09:17:00.000Z
20260327T120500Z_KL1252_D_EFHK,D,KL1252,departure,2026-03-27T12:05:00.000Z,A21N,32Q,,EFHK,EHAM,,19,,J,,2026-03-27T12:38:43.000Z
20260327T121000Z_AY122_A_EFHK,A,AY122,arrival,2026-03-27T12:10:00.000Z,A333,333,,VIDP,EFHK,,40,,J,2026-03-27T10:56:49.000Z,2026-03-27T02:15:00.000Z
20260327T121000Z_DY1191_D_EFHK,D,DY1191,departure,2026-03-27T12:10:00.000Z,B738,738,,EFHK,ENGM,,16,,J,,2026-03-27T11:59:38.000Z
20260327T121500Z_AY314_A_EFHK,A,AY314,arrival,2026-03-27T12:15:00.000Z,AT76,AT7,,EFVA,EFHK,,11,,J,2026-03-27T13:18:11.000Z,2026-03-27T12:12:00.000Z
20260327T121500Z_LH849_D_EFHK,D,LH849,departure,2026-03-27T12:15:00.000Z,A320,32A,,EFHK,EDDF,,21,,J,,2026-03-27T12:09:29.000Z
20260327T122500Z_AY1512_A_EFHK,A,AY1512,arrival,2026-03-27T12:25:00.000Z,E190,E90,,LSZH,EFHK,,34,,J,2026-03-27T12:25:48.000Z,2026-03-27T09:36:00.000Z
20260327T122500Z_AY1392_A_EFHK,A,AY1392,arrival,2026-03-27T12:25:00.000Z,E190,E90,,EDDL,EFHK,,,,J,2026-03-27T12:44:29.000Z,
20260327T123000Z_AY1572_A_EFHK,A,AY1572,arrival,2026-03-27T12:30:00.000Z,A320,320,,LFPG,EFHK,,30,,J,2026-03-27T12:30:23.000Z,
20260327T123500Z_AY542_A_EFHK,A,AY542,arrival,2026-03-27T12:35:00.000Z,A320,320,,EFRO,EFHK,,22,,J,2026-03-27T12:15:35.000Z,2026-03-27T11:06:00.000Z
20260327T124000Z_PC1312_D_EFHK,D,PC1312,departure,2026-03-27T12:40:00.000Z,A20N,32N,,EFHK,LTFJ,,49,,J,,2026-03-27T13:09:43.000Z
20260327T124500Z_RP694_A_EFHK,A,RP694,arrival,2026-03-27T12:45:00.000Z,E120,EM2,,EFPO,EFHK,,,,J,2026-03-27T12:54:33.000Z,2026-03-27T11:56:00.000Z
20260327T124500Z_AY1302_A_EFHK,A,AY1302,arrival,2026-03-27T12:45:00.000Z,A321,32B,,EHAM,EFHK,,,,J,2026-03-27T12:53:18.000Z,2026-03-27T10:25:00.000Z
20260327T124500Z_AY1362_A_EFHK,A,AY1362,arrival,2026-03-27T12:45:00.000Z,E190,E90,,EGCC,EFHK,,,,J,2026-03-27T12:47:17.000Z,2026-03-27T09:59:00.000Z
20260327T124500Z_AY1021_D_EFHK,D,AY1021,departure,2026-03-27T12:45:00.000Z,AT76,AT7,,EFHK,EETN,,11,,J,,2026-03-27T13:50:25.000Z
20260327T125000Z_BT305_A_EFHK,A,BT305,arrival,2026-03-27T12:50:00.000Z,BCS3,223,,EVRA,EFHK,,15,,J,2026-03-27T12:57:54.000Z,2026-03-27T11:57:00.000Z
20260327T125000Z_AY604_A_EFHK,A,AY604,arrival,2026-03-27T12:50:00.000Z,A321,32B,,EFIV,EFHK,,18,,J,2026-03-27T12:23:56.000Z,2026-03-27T10:59:00.000Z
20260327T125000Z_AY1542_A_EFHK,A,AY1542,arrival,2026-03-27T12:50:00.000Z,A319,319,,EBBR,EFHK,,36A,,J,2026-03-27T12:52:48.000Z,2026-03-27T10:19:00.000Z
20260327T125000Z_AY1532_A_EFHK,A,AY1532,arrival,2026-03-27T12:50:00.000Z,A319,319,,LSGG,EFHK,,34A,,J,2026-03-27T13:04:21.000Z,2026-03-27T10:01:00.000Z
20260327T125500Z_AY1222_A_EFHK,A,AY1222,arrival,2026-03-27T12:55:00.000Z,A319,319,,LKPR,EFHK,,19,,J,2026-03-27T13:05:04.000Z,2026-03-27T10:49:00.000Z
20260327T125500Z_AY286_A_EFHK,A,AY286,arrival,2026-03-27T12:55:00.000Z,AT76,AT7,,EFJY,EFHK,,6,,J,2026-03-27T12:42:19.000Z,2026-03-27T11:59:00.000Z
20260327T130000Z_AY1412_A_EFHK,A,AY1412,arrival,2026-03-27T13:00:00.000Z,B738,73H,,EDDF,EFHK,,,,J,2026-03-27T13:22:29.000Z,2026-03-27T10:54:00.000Z
20260327T130000Z_AY1074_A_EFHK,A,AY1074,arrival,2026-03-27T13:00:00.000Z,AT76,AT7,,EVRA,EFHK,,,,J,2026-03-27T12:48:48.000Z,2026-03-27T11:39:00.000Z
20260327T130000Z_AY1792_A_EFHK,A,AY1792,arrival,2026-03-27T13:00:00.000Z,A320,320,,LIRN,EFHK,,,,J,2026-03-27T12:49:32.000Z,2026-03-27T09:39:00.000Z
20260327T130000Z_AY1252_A_EFHK,A,AY1252,arrival,2026-03-27T13:00:00.000Z,E190,E90,,LHBP,EFHK,,26,,J,2026-03-27T12:42:39.000Z,2026-03-27T10:30:00.000Z
20260327T130500Z_AY366_A_EFHK,A,AY366,arrival,2026-03-27T13:05:00.000Z,AT76,AT7,,EFKU,EFHK,,8,,J,2026-03-27T12:58:47.000Z,2026-03-27T11:56:00.000Z
20260327T130500Z_D82767_A_EFHK,A,D82767,arrival,2026-03-27T13:05:00.000Z,B38M,7M8,,EGKK,EFHK,,,,J,2026-03-27T13:02:04.000Z,2026-03-27T09:56:00.000Z
20260327T130500Z_AY1472_A_EFHK,A,AY1472,arrival,2026-03-27T13:05:00.000Z,B738,73H,,LOWW,EFHK,,16,,J,2026-03-27T13:00:52.000Z,2026-03-27T10:44:00.000Z
20260327T131000Z_AY1654_A_EFHK,A,AY1654,arrival,2026-03-27T13:10:00.000Z,A321,321,,LEBL,EFHK,,12,,J,2026-03-27T13:17:56.000Z,2026-03-27T09:05:00.000Z
20260327T131000Z_AY1762_A_EFHK,A,AY1762,arrival,2026-03-27T13:10:00.000Z,A321,32B,,LIRF,EFHK,,25,,J,2026-03-27T13:16:21.000Z,2026-03-27T09:56:00.000Z
20260327T131000Z_AY574_A_EFHK,A,AY574,arrival,2026-03-27T13:10:00.000Z,A321,32B,,EFKT,EFHK,,17,,J,2026-03-27T12:42:58.000Z,2026-03-27T11:21:00.000Z
20260327T131000Z_AY1104_A_EFHK,A,AY1104,arrival,2026-03-27T13:10:00.000Z,AT76,AT7,,EYVI,EFHK,,5,,J,2026-03-27T12:55:02.000Z,2026-03-27T11:19:00.000Z
20260327T131000Z_AY557_D_EFHK,D,AY557,departure,2026-03-27T13:10:00.000Z,A320,320,,EFHK,EFRO,,13,,J,,2026-03-27T13:07:13.000Z
20260327T131000Z_AY1039_D_EFHK,D,AY1039,departure,2026-03-27T13:10:00.000Z,E190,E90,,EFHK,EETN,,31D,,J,,2026-03-27T13:21:28.000Z
20260327T131500Z_AY1424_A_EFHK,A,AY1424,arrival,2026-03-27T13:15:00.000Z,E190,E90,,EDDH,EFHK,,,,J,2026-03-27T13:12:41.000Z,
20260327T131500Z_AY1020_A_EFHK,A,AY1020,arrival,2026-03-27T13:15:00.000Z,AT76,AT7,,EETN,EFHK,,,,J,2026-03-27T13:08:55.000Z,2026-03-27T12:36:00.000Z
20260327T131500Z_AY914_A_EFHK,A,AY914,arrival,2026-03-27T13:15:00.000Z,A320,320,,ENGM,EFHK,,27,,J,2026-03-27T13:17:31.000Z,2026-03-27T11:45:00.000Z
20260327T131500Z_AY516_A_EFHK,A,AY516,arrival,2026-03-27T13:15:00.000Z,AT76,AT7,,EFKE,EFHK,,9,,J,2026-03-27T12:59:33.000Z,2026-03-27T11:34:00.000Z
20260327T131500Z_AY1332_A_EFHK,A,AY1332,arrival,2026-03-27T13:15:00.000Z,A359,359,,EGLL,EFHK,,42,,J,2026-03-27T13:27:53.000Z,2026-03-27T10:33:00.000Z
20260327T131500Z_AY808_A_EFHK,A,AY808,arrival,2026-03-27T13:15:00.000Z,A320,320,,ESSA,EFHK,,23,,J,2026-03-27T13:17:18.000Z,2026-03-27T12:13:00.000Z
20260327T131500Z_AY441_D_EFHK,D,AY441,departure,2026-03-27T13:15:00.000Z,A319,319,,EFHK,EFOU,,28,,J,,2026-03-27T13:12:43.000Z
20260327T132000Z_AY438_A_EFHK,A,AY438,arrival,2026-03-27T13:20:00.000Z,A321,321,,EFOU,EFHK,,29,,J,2026-03-27T13:36:07.000Z,2026-03-27T12:36:00.000Z
20260327T132000Z_AY392_A_EFHK,A,AY392,arrival,2026-03-27T13:20:00.000Z,AT76,AT7,,EFKK,EFHK,,10,,J,2026-03-27T13:26:05.000Z,2026-03-27T12:16:00.000Z
20260327T132000Z_AY534_A_EFHK,A,AY534,arrival,2026-03-27T13:20:00.000Z,A321,321,,EFRO,EFHK,,35,,J,2026-03-27T13:07:10.000Z,2026-03-27T11:49:00.000Z
20260327T132000Z_AY1752_A_EFHK,A,AY1752,arrival,2026-03-27T13:20:00.000Z,A320,320,,LIMC,EFHK,,14,,J,2026-03-27T13:25:19.000Z,2026-03-27T10:11:00.000Z
20260327T132500Z_SK1712_A_EFHK,A,SK1712,arrival,2026-03-27T13:25:00.000Z,A20N,32N,,EKCH,EFHK,,21,,J,2026-03-27T13:30:22.000Z,2026-03-27T11:46:00.000Z
20260327T132500Z_AY864_A_EFHK,A,AY864,arrival,2026-03-27T13:25:00.000Z,E190,E90,,ESGG,EFHK,,24,,J,2026-03-27T13:19:22.000Z,2026-03-27T11:58:00.000Z
20260327T132500Z_SK716_A_EFHK,A,SK716,arrival,2026-03-27T13:25:00.000Z,A20N,32N,,ESSA,EFHK,,20,,J,2026-03-27T13:25:34.000Z,2026-03-27T12:21:00.000Z
20260327T132500Z_AY992_A_EFHK,A,AY992,arrival,2026-03-27T13:25:00.000Z,A321,32B,,BIKF,EFHK,,32,,J,2026-03-27T13:33:32.000Z,2026-03-27T10:06:00.000Z
20260327T132500Z_AY1763_D_EFHK,D,AY1763,departure,2026-03-27T13:25:00.000Z,A320,320,,EFHK,LIRF,,30,,J,,2026-03-27T13:27:52.000Z
20260327T133000Z_AY1662_A_EFHK,A,AY1662,arrival,2026-03-27T13:30:00.000Z,A321,321,,LEMD,EFHK,,13,,J,2026-03-27T13:37:27.000Z,2026-03-27T09:10:00.000Z
20260327T133000Z_BT306_D_EFHK,D,BT306,departure,2026-03-27T13:30:00.000Z,BCS3,223,,EFHK,EVRA,,15,,J,,2026-03-27T13:35:47.000Z
20260327T133500Z_AY1048_A_EFHK,A,AY1048,arrival,2026-03-27T13:35:00.000Z,AT76,AT7,,EETU,EFHK,,,,J,2026-03-27T13:31:34.000Z,2026-03-27T12:43:00.000Z
20260327T133500Z_AY954_A_EFHK,A,AY954,arrival,2026-03-27T13:35:00.000Z,A321,32B,,EKCH,EFHK,,30,,J,2026-03-27T14:04:51.000Z,2026-03-27T12:33:00.000Z
20260327T133500Z_AY955_D_EFHK,D,AY955,departure,2026-03-27T13:35:00.000Z,A319,319,,EFHK,EKCH,,19,,J,,2026-03-27T13:57:07.000Z
20260327T134000Z_AY142_A_EFHK,A,AY142,arrival,2026-03-27T13:40:00.000Z,A359,359,,VTBS,EFHK,,47,,J,2026-03-27T13:09:41.000Z,2026-03-27T01:12:00.000Z
20260327T135000Z_AY1144_A_EFHK,A,AY1144,arrival,2026-03-27T13:50:00.000Z,E190,E90,,EPWA,EFHK,,,,J,2026-03-27T13:29:49.000Z,2026-03-27T11:59:00.000Z
20260327T135500Z_AY1434_A_EFHK,A,AY1434,arrival,2026-03-27T13:55:00.000Z,A320,320,,EDDB,EFHK,,28,,J,2026-03-27T13:57:55.000Z,2026-03-27T12:00:00.000Z
20260327T135500Z_AY813_D_EFHK,D,AY813,departure,2026-03-27T13:55:00.000Z,A321,32B,,EFHK,ESSA,,18,,J,,2026-03-27T13:53:35.000Z
20260327T140000Z_AY1337_D_EFHK,D,AY1337,departure,2026-03-27T14:00:00.000Z,A321,32B,,EFHK,EGLL,,52,,J,,2026-03-27T14:00:25.000Z
20260327T140000Z_AY1023_D_EFHK,D,AY1023,departure,2026-03-27T14:00:00.000Z,AT76,AT7,,EFHK,EETN,,9,,J,,2026-03-27T14:10:01.000Z
20260327T140000Z_AY915_D_EFHK,D,AY915,departure,2026-03-27T14:00:00.000Z,E190,E90,,EFHK,ENGM,,26,,J,,2026-03-27T13:57:07.000Z
20260327T140000Z_AY369_D_EFHK,D,AY369,departure,2026-03-27T14:00:00.000Z,AT76,AT7,,EFHK,EFKU,,10,,J,,2026-03-27T14:04:09.000Z
20260327T140500Z_SK1713_D_EFHK,D,SK1713,departure,2026-03-27T14:05:00.000Z,A20N,32N,,EFHK,EKCH,,21,,J,,2026-03-27T14:21:10.000Z
20260327T140500Z_AY1385_D_EFHK,D,AY1385,departure,2026-03-27T14:05:00.000Z,A320,320,,EFHK,EIDW,,40,,J,,2026-03-27T14:14:59.000Z
20260327T140500Z_AY1755_D_EFHK,D,AY1755,departure,2026-03-27T14:05:00.000Z,A320,320,,EFHK,LIMC,,22,,J,,2026-03-27T14:02:30.000Z
20260327T140500Z_AY1577_D_EFHK,D,AY1577,departure,2026-03-27T14:05:00.000Z,E190,E90,,EFHK,LFPG,,34,,J,,2026-03-27T14:20:01.000Z
20260327T141000Z_SK721_D_EFHK,D,SK721,departure,2026-03-27T14:10:00.000Z,A20N,32N,,EFHK,ESSA,,20,,J,,2026-03-27T14:15:17.000Z
20260327T141000Z_AY443_D_EFHK,D,AY443,departure,2026-03-27T14:10:00.000Z,A321,32B,,EFHK,EFOU,,25,,J,,2026-03-27T14:34:00.000Z
20260327T141500Z_AY810_A_EFHK,A,AY810,arrival,2026-03-27T14:15:00.000Z,AT76,AT7,,ESSA,EFHK,,11,,J,2026-03-27T14:30:26.000Z,2026-03-27T13:24:00.000Z
20260327T141500Z_AY1022_A_EFHK,A,AY1022,arrival,2026-03-27T14:15:00.000Z,AT76,AT7,,EETN,EFHK,,10,,J,2026-03-27T15:05:20.000Z,2026-03-27T14:36:00.000Z
20260327T141500Z_AY605_D_EFHK,D,AY605,departure,2026-03-27T14:15:00.000Z,A321,32B,,EFHK,EFIV,,17,,J,,2026-03-27T14:21:17.000Z
20260327T141500Z_AY1533_D_EFHK,D,AY1533,departure,2026-03-27T14:15:00.000Z,E190,E90,,EFHK,LSGG,,31E,,J,,2026-03-27T14:13:54.000Z
20260327T142000Z_AY535_D_EFHK,D,AY535,departure,2026-03-27T14:20:00.000Z,A321,32B,,EFHK,EFRO,,32,,J,,2026-03-27T14:33:58.000Z
20260327T142000Z_AY865_D_EFHK,D,AY865,departure,2026-03-27T14:20:00.000Z,E190,E90,,EFHK,ESGG,,24,,J,,2026-03-27T14:42:57.000Z
20260327T142000Z_AY575_D_EFHK,D,AY575,departure,2026-03-27T14:20:00.000Z,A321,321,,EFHK,EFKT,,29,,J,,2026-03-27T14:47:21.000Z
20260327T142000Z_AY1405_D_EFHK,D,AY1405,departure,2026-03-27T14:20:00.000Z,A320,320,,EFHK,EDDM,,27,,J,,2026-03-27T14:15:56.000Z
20260327T142000Z_AY1305_D_EFHK,D,AY1305,departure,2026-03-27T14:20:00.000Z,A321,321,,EFHK,EHAM,,35,,J,,2026-03-27T14:31:14.000Z
20260327T142500Z_AY546_A_EFHK,A,AY546,arrival,2026-03-27T14:25:00.000Z,E190,E90,,EFRO,EFHK,,19,,J,2026-03-27T14:06:34.000Z,2026-03-27T12:58:00.000Z
20260327T142500Z_AY440_A_EFHK,A,AY440,arrival,2026-03-27T14:25:00.000Z,E190,E90,,EFOU,EFHK,,26,,J,2026-03-27T14:09:00.000Z,2026-03-27T13:10:00.000Z
20260327T142500Z_AF1070_A_EFHK,A,AF1070,arrival,2026-03-27T14:25:00.000Z,BCS3,223,,LFPG,EFHK,,15,,J,2026-03-27T14:29:47.000Z,2026-03-27T11:32:00.000Z
20260327T142500Z_AY1395_D_EFHK,D,AY1395,departure,2026-03-27T14:25:00.000Z,A319,319,,EFHK,EDDL,,34A,,J,,2026-03-27T14:22:48.000Z
20260327T142500Z_AY1365_D_EFHK,D,AY1365,departure,2026-03-27T14:25:00.000Z,E190,E90,,EFHK,EGCC,,49,,J,,2026-03-27T14:18:41.000Z
20260327T142500Z_AY1105_D_EFHK,D,AY1105,departure,2026-03-27T14:25:00.000Z,AT76,AT7,,EFHK,EYVI,,8,,J,,2026-03-27T14:29:45.000Z
20260327T142500Z_AY1025_D_EFHK,D,AY1025,departure,2026-03-27T14:25:00.000Z,AT76,AT7,,EFHK,EETN,,31C,,J,,2026-03-27T14:29:47.000Z
20260327T143000Z_LH850_A_EFHK,A,LH850,arrival,2026-03-27T14:30:00.000Z,A321,321,,EDDF,EFHK,,21,,J,2026-03-27T14:41:57.000Z,2026-03-27T12:17:00.000Z
20260327T143000Z_AY1075_D_EFHK,D,AY1075,departure,2026-03-27T14:30:00.000Z,AT76,AT7,,EFHK,EVRA,,6,,J,,2026-03-27T14:28:32.000Z
20260327T143000Z_AY1513_D_EFHK,D,AY1513,departure,2026-03-27T14:30:00.000Z,A319,319,,EFHK,LSZH,,36A,,J,,2026-03-27T14:27:54.000Z
20260327T143500Z_DK1377_A_EFHK,A,DK1377,arrival,2026-03-27T14:35:00.000Z,A321,32B,,LCLK,EFHK,,40,,C,2026-03-27T15:16:14.000Z,2026-03-27T10:42:00.000Z
20260327T143500Z_AY151_D_EFHK,D,AY151,departure,2026-03-27T14:35:00.000Z,A359,359,,EFHK,VTSP,,44,,J,,2026-03-27T14:45:54.000Z
20260327T144000Z_AY1672_A_EFHK,A,AY1672,arrival,2026-03-27T14:40:00.000Z,A321,32B,,LEMG,EFHK,,22,,J,2026-03-27T14:38:41.000Z,2026-03-27T09:52:00.000Z
20260327T144000Z_D82612_D_EFHK,D,D82612,departure,2026-03-27T14:40:00.000Z,B38M,7M8,,EFHK,ESSA,,31D,,J,,2026-03-27T14:48:19.000Z
20260327T144000Z_AY1661_D_EFHK,D,AY1661,departure,2026-03-27T14:40:00.000Z,A321,321,,EFHK,LEMD,,13,,J,,2026-03-27T15:01:48.000Z
20260327T144000Z_AY1545_D_EFHK,D,AY1545,departure,2026-03-27T14:40:00.000Z,A320,320,,EFHK,EBBR,,14,,J,,2026-03-27T14:36:44.000Z
20260327T144500Z_D85120_A_EFHK,A,D85120,arrival,2026-03-27T14:45:00.000Z,B38M,7M8,,LEMG,EFHK,,18,,J,2026-03-27T14:45:28.000Z,2026-03-27T10:02:00.000Z
20260327T144500Z_AY315_D_EFHK,D,AY315,departure,2026-03-27T14:45:00.000Z,AT76,AT7,,EFHK,EFVA,,31B,,J,,2026-03-27T14:49:12.000Z
20260327T145000Z_AY923_D_EFHK,D,AY923,departure,2026-03-27T14:50:00.000Z,AT76,AT7,,EFHK,ENBR,,11,,J,,2026-03-27T15:12:29.000Z
20260327T145000Z_AY015_D_EFHK,D,AY015,departure,2026-03-27T14:50:00.000Z,A359,359,,EFHK,KJFK,,45A,,J,,2026-03-27T14:55:34.000Z
20260327T145500Z_AY1653_D_EFHK,D,AY1653,departure,2026-03-27T14:55:00.000Z,A321,321,,EFHK,LEBL,,12,,J,,2026-03-27T14:59:30.000Z
20260327T145500Z_AY1415_D_EFHK,D,AY1415,departure,2026-03-27T14:55:00.000Z,A320,320,,EFHK,EDDF,,23,,J,,2026-03-27T15:05:05.000Z
20260327T150000Z_AY945_D_EFHK,D,AY945,departure,2026-03-27T15:00:00.000Z,E190,E90,,EFHK,ENTC,,36,,J,,2026-03-27T14:52:24.000Z
20260327T150000Z_AY1475_D_EFHK,D,AY1475,departure,2026-03-27T15:00:00.000Z,A320,320,,EFHK,LOWW,,28,,J,,2026-03-27T15:02:44.000Z
20260327T150000Z_AY067_D_EFHK,D,AY067,departure,2026-03-27T15:00:00.000Z,A359,359,,EFHK,RJBB,,46,,J,,2026-03-27T15:00:10.000Z
20260327T150500Z_AY1040_A_EFHK,A,AY1040,arrival,2026-03-27T15:05:00.000Z,E190,E90,,EETN,EFHK,,17,,J,2026-03-27T14:46:25.000Z,2026-03-27T14:15:00.000Z
20260327T150500Z_AY345_D_EFHK,D,AY345,departure,2026-03-27T15:05:00.000Z,AT76,AT7,,EFHK,EFJO,,23B,,J,,2026-03-27T15:01:44.000Z
20260327T151000Z_AY1425_D_EFHK,D,AY1425,departure,2026-03-27T15:10:00.000Z,E190,E90,,EFHK,EDDH,,26,,J,,2026-03-27T15:01:02.000Z
20260327T151500Z_RP655_D_EFHK,D,RP655,departure,2026-03-27T15:15:00.000Z,E120,EM2,,EFHK,EFSA,,19A,,J,,2026-03-27T15:19:57.000Z
20260327T152000Z_AY815_D_EFHK,D,AY815,departure,2026-03-27T15:20:00.000Z,B738,73H,,EFHK,ESSA,,16,,J,,2026-03-27T15:17:18.000Z
20260327T152000Z_AF1071_D_EFHK,D,AF1071,departure,2026-03-27T15:20:00.000Z,BCS3,223,,EFHK,LFPG,,15,,J,,2026-03-27T15:21:38.000Z
20260327T152500Z_KL1253_A_EFHK,A,KL1253,arrival,2026-03-27T15:25:00.000Z,B738,73H,,EHAM,EFHK,,20,,J,2026-03-27T15:19:17.000Z,2026-03-27T13:07:00.000Z
20260327T152500Z_D85121_D_EFHK,D,D85121,departure,2026-03-27T15:25:00.000Z,B38M,7M8,,EFHK,LEMG,,18,,J,,2026-03-27T15:40:49.000Z
20260327T152500Z_AY1435_D_EFHK,D,AY1435,departure,2026-03-27T15:25:00.000Z,A321,32B,,EFHK,EDDB,,30,,J,,2026-03-27T15:30:13.000Z
20260327T153000Z_AY1024_A_EFHK,A,AY1024,arrival,2026-03-27T15:30:00.000Z,AT76,AT7,,EETN,EFHK,,9,,J,2026-03-27T15:27:40.000Z,2026-03-27T15:02:00.000Z
20260327T153000Z_JL048_D_EFHK,D,JL048,departure,2026-03-27T15:30:00.000Z,B789,789,,EFHK,RJTT,,43,,J,,2026-03-27T15:44:25.000Z
20260327T153000Z_AY393_D_EFHK,D,AY393,departure,2026-03-27T15:30:00.000Z,AT76,AT7,,EFHK,EFKK,,10,,J,,2026-03-27T15:33:41.000Z
20260327T153500Z_AY1223_D_EFHK,D,AY1223,departure,2026-03-27T15:35:00.000Z,E190,E90,,EFHK,LKPR,,17,,J,,2026-03-27T15:30:55.000Z
20260327T153500Z_AY415_D_EFHK,D,AY415,departure,2026-03-27T15:35:00.000Z,AT76,AT7,,EFHK,EFKI,,5,,J,,2026-03-27T15:31:56.000Z
20260327T153500Z_AY041_D_EFHK,D,AY041,departure,2026-03-27T15:35:00.000Z,A359,359,,EFHK,RKSI,,42,,J,,2026-03-27T15:35:56.000Z
20260327T154500Z_RP695_D_EFHK,D,RP695,departure,2026-03-27T15:45:00.000Z,E120,EM2,,EFHK,EFPO,,19B,,J,,2026-03-27T15:49:23.000Z
20260327T154500Z_DK4577_D_EFHK,D,DK4577,departure,2026-03-27T15:45:00.000Z,A321,32B,,EFHK,EKBI,,,,P,,2026-03-27T16:02:59.000Z
20260327T154500Z_AY073_D_EFHK,D,AY073,departure,2026-03-27T15:45:00.000Z,A359,359,,EFHK,RJAA,,47,,J,,2026-03-27T15:53:12.000Z
20260327T155000Z_AY959_D_EFHK,D,AY959,departure,2026-03-27T15:50:00.000Z,A321,32B,,EFHK,EKCH,,22,,J,,2026-03-27T15:46:51.000Z
20260327T155000Z_AY1145_D_EFHK,D,AY1145,departure,2026-03-27T15:50:00.000Z,E190,E90,,EFHK,EPWA,,19,,J,,2026-03-27T15:42:44.000Z
20260327T155500Z_AY1026_A_EFHK,A,AY1026,arrival,2026-03-27T15:55:00.000Z,AT76,AT7,,EETN,EFHK,,11,,J,2026-03-27T15:58:28.000Z,2026-03-27T15:27:00.000Z
20260327T155500Z_LH851_D_EFHK,D,LH851,departure,2026-03-27T15:55:00.000Z,A321,321,,EFHK,EDDF,,21,,J,,2026-03-27T15:50:03.000Z
20260327T160000Z_AY061_D_EFHK,D,AY061,departure,2026-03-27T16:00:00.000Z,A359,359,,EFHK,RJTT,,48,,J,,2026-03-27T16:10:43.000Z
20260327T160000Z_AY121_D_EFHK,D,AY121,departure,2026-03-27T16:00:00.000Z,A333,333,,EFHK,VIDP,,52,,J,,2026-03-27T15:58:46.000Z
20260327T160500Z_TK1763_A_EFHK,A,TK1763,arrival,2026-03-27T16:05:00.000Z,A321,321,,LTFM,EFHK,,44,,J,2026-03-27T15:45:39.000Z,2026-03-27T12:16:00.000Z
20260327T160500Z_AY442_A_EFHK,A,AY442,arrival,2026-03-27T16:05:00.000Z,A319,319,,EFOU,EFHK,,23,,J,2026-03-27T15:48:16.000Z,
20260327T162000Z_AY519_D_EFHK,D,AY519,departure,2026-03-27T16:20:00.000Z,AT76,AT7,,EFHK,EFKE,,9,,J,,2026-03-27T16:16:10.000Z
20260327T162000Z_KL1254_D_EFHK,D,KL1254,departure,2026-03-27T16:20:00.000Z,B738,73H,,EFHK,EHAM,,20,,J,,2026-03-27T16:26:35.000Z
20260327T163000Z_AY152_A_EFHK,A,AY152,arrival,2026-03-27T16:30:00.000Z,A359,359,,VTSP,EFHK,,45A,,J,2026-03-27T15:38:30.000Z,2026-03-27T03:33:00.000Z
20260327T163000Z_FR9857_A_EFHK,A,FR9857,arrival,2026-03-27T16:30:00.000Z,B38M,7M8,,LOWW,EFHK,,8,,J,2026-03-27T16:03:16.000Z,2026-03-27T13:47:00.000Z
20260327T163000Z_AY370_A_EFHK,A,AY370,arrival,2026-03-27T16:30:00.000Z,AT76,AT7,,EFKU,EFHK,,10,,J,2026-03-27T16:13:37.000Z,2026-03-27T15:20:00.000Z
20260327T163500Z_AY558_A_EFHK,A,AY558,arrival,2026-03-27T16:35:00.000Z,A320,320,,EFRO,EFHK,,32,,J,2026-03-27T16:09:17.000Z,2026-03-27T14:59:00.000Z
20260327T163500Z_AY867_D_EFHK,D,AY867,departure,2026-03-27T16:35:00.000Z,AT76,AT7,,EFHK,ESGG,,11,,J,,2026-03-27T16:35:22.000Z
20260327T164000Z_AY814_A_EFHK,A,AY814,arrival,2026-03-27T16:40:00.000Z,A321,32B,,ESSA,EFHK,,,,J,2026-03-27T16:33:15.000Z,2026-03-27T15:38:00.000Z
20260327T165000Z_LH2462_A_EFHK,A,LH2462,arrival,2026-03-27T16:50:00.000Z,A320,32A,,EDDM,EFHK,,21,,J,2026-03-27T16:38:59.000Z,2026-03-27T14:16:00.000Z
20260327T165500Z_AY1576_A_EFHK,A,AY1576,arrival,2026-03-27T16:55:00.000Z,E190,E90,,LFPG,EFHK,,30,,J,2026-03-27T16:54:17.000Z,2026-03-27T14:03:00.000Z
20260327T170000Z_AY444_A_EFHK,A,AY444,arrival,2026-03-27T17:00:00.000Z,A321,32B,,EFOU,EFHK,,27,,J,2026-03-27T17:04:02.000Z,2026-03-27T16:08:00.000Z
20260327T170000Z_TK1764_D_EFHK,D,TK1764,departure,2026-03-27T17:00:00.000Z,A321,321,,EFHK,LTFM,,44,,J,,2026-03-27T16:58:20.000Z
20260327T170500Z_FR9856_D_EFHK,D,FR9856,departure,2026-03-27T17:05:00.000Z,B38M,7M8,,EFHK,LOWW,,8,,J,,2026-03-27T17:00:23.000Z
20260327T171000Z_AY1107_D_EFHK,D,AY1107,departure,2026-03-27T17:10:00.000Z,AT76,AT7,,EFHK,EYVI,,10,,J,,2026-03-27T17:06:59.000Z
20260327T172000Z_D82613_A_EFHK,A,D82613,arrival,2026-03-27T17:20:00.000Z,B38M,7M8,,ESSA,EFHK,,16,,J,2026-03-27T17:17:30.000Z,2026-03-27T16:21:00.000Z
20260327T172000Z_AY316_A_EFHK,A,AY316,arrival,2026-03-27T17:20:00.000Z,AT76,AT7,,EFVA,EFHK,,5,,J,2026-03-27T17:04:19.000Z,2026-03-27T16:12:00.000Z
20260327T172000Z_AY445_D_EFHK,D,AY445,departure,2026-03-27T17:20:00.000Z,A320,320,,EFHK,EFOU,,32,,J,,2026-03-27T17:14:01.000Z
20260327T172500Z_AY1076_A_EFHK,A,AY1076,arrival,2026-03-27T17:25:00.000Z,AT76,AT7,,EVRA,EFHK,,6,,J,2026-03-27T17:08:22.000Z,2026-03-27T16:06:00.000Z
20260327T173500Z_AY956_A_EFHK,A,AY956,arrival,2026-03-27T17:35:00.000Z,A319,319,,EKCH,EFHK,,25,,J,2026-03-27T17:53:48.000Z,2026-03-27T16:26:00.000Z
20260327T173500Z_LH2463_D_EFHK,D,LH2463,departure,2026-03-27T17:35:00.000Z,A320,32A,,EFHK,EDDM,,21,,J,,2026-03-27T17:30:51.000Z
20260327T173500Z_AY1339_D_EFHK,D,AY1339,departure,2026-03-27T17:35:00.000Z,A321,32B,,EFHK,EGLL,,42,,J,,2026-03-27T17:34:59.000Z
20260327T174000Z_AY536_A_EFHK,A,AY536,arrival,2026-03-27T17:40:00.000Z,A321,32B,,EFRO,EFHK,,20,,J,2026-03-27T17:35:59.000Z,2026-03-27T16:24:00.000Z
20260327T174000Z_AY346_A_EFHK,A,AY346,arrival,2026-03-27T17:40:00.000Z,AT76,AT7,,EFJO,EFHK,,11,,J,2026-03-27T17:19:48.000Z,
20260327T174000Z_AY917_D_EFHK,D,AY917,departure,2026-03-27T17:40:00.000Z,E190,E90,,EFHK,ENGM,,30,,J,,2026-03-27T17:46:09.000Z
20260327T174000Z_AY537_D_EFHK,D,AY537,departure,2026-03-27T17:40:00.000Z,A319,319,,EFHK,EFRO,,23,,J,,2026-03-27T17:38:24.000Z
20260327T174500Z_EW8230_A_EFHK,A,EW8230,arrival,2026-03-27T17:45:00.000Z,A320,320,,EDDB,EFHK,,17,,J,2026-03-27T18:10:24.000Z,
20260327T174500Z_AY916_A_EFHK,A,AY916,arrival,2026-03-27T17:45:00.000Z,E190,E90,,ENGM,EFHK,,29,,J,2026-03-27T17:28:55.000Z,2026-03-27T16:08:00.000Z
20260327T175000Z_D82614_D_EFHK,D,D82614,departure,2026-03-27T17:50:00.000Z,B38M,7M8,,EFHK,ESSA,,16,,J,,2026-03-27T17:52:12.000Z
20260327T175000Z_AY455_D_EFHK,D,AY455,departure,2026-03-27T17:50:00.000Z,AT76,AT7,,EFHK,EFOU,,5,,J,,2026-03-27T17:46:10.000Z
20260327T180000Z_AY866_A_EFHK,A,AY866,arrival,2026-03-27T18:00:00.000Z,E190,E90,,ESGG,EFHK,,28,,J,2026-03-27T17:51:58.000Z,2026-03-27T16:33:00.000Z
20260327T180000Z_AY576_A_EFHK,A,AY576,arrival,2026-03-27T18:00:00.000Z,A321,321,,EFKT,EFHK,,14,,J,2026-03-27T18:17:21.000Z,2026-03-27T16:58:00.000Z
20260327T180500Z_AY1106_A_EFHK,A,AY1106,arrival,2026-03-27T18:05:00.000Z,AT76,AT7,,EYVI,EFHK,,10,,J,2026-03-27T18:03:49.000Z,2026-03-27T16:34:00.000Z
20260327T180500Z_AY606_A_EFHK,A,AY606,arrival,2026-03-27T18:05:00.000Z,A321,32B,,EFIV,EFHK,,32,,J,2026-03-27T18:08:47.000Z,2026-03-27T16:45:00.000Z
20260327T181000Z_AY816_A_EFHK,A,AY816,arrival,2026-03-27T18:10:00.000Z,B738,73H,,ESSA,EFHK,,24,,J,2026-03-27T18:00:11.000Z,2026-03-27T17:08:00.000Z
20260327T181000Z_AY394_A_EFHK,A,AY394,arrival,2026-03-27T18:10:00.000Z,AT76,AT7,,EFKK,EFHK,,9,,J,2026-03-27T17:48:15.000Z,2026-03-27T16:54:00.000Z
20260327T181500Z_AEG7003_A_EFHK,A,AEG7003,arrival,2026-03-27T18:15:00.000Z,SF34,SFF,,EETN,EFHK,,,,F,2026-03-27T18:03:00.000Z,
20260327T182000Z_AY213_D_EFHK,D,AY213,departure,2026-03-27T18:20:00.000Z,AT76,AT7,,EFHK,EFMA,,11,,J,,2026-03-27T18:13:46.000Z
20260327T182500Z_D82991_A_EFHK,A,D82991,arrival,2026-03-27T18:25:00.000Z,B38M,7M8,,HEGN,EFHK,,47,,J,2026-03-27T18:26:08.000Z,2026-03-27T12:43:00.000Z
20260327T182500Z_AY819_D_EFHK,D,AY819,departure,2026-03-27T18:25:00.000Z,A319,319,,EFHK,ESSA,,25,,J,,2026-03-27T18:31:38.000Z
20260327T182500Z_EW8231_D_EFHK,D,EW8231,departure,2026-03-27T18:25:00.000Z,A320,320,,EFHK,EDDB,,17,,J,,2026-03-27T18:53:39.000Z
20260327T183000Z_AY1581_D_EFHK,D,AY1581,departure,2026-03-27T18:30:00.000Z,E190,E90,,EFHK,LFPG,,29,,J,,2026-03-27T18:25:06.000Z
20260327T183500Z_AY416_A_EFHK,A,AY416,arrival,2026-03-27T18:35:00.000Z,AT76,AT7,,EFKI,EFHK,,8,,J,2026-03-27T18:18:38.000Z,2026-03-27T17:09:00.000Z
20260327T183500Z_AY639_D_EFHK,D,AY639,departure,2026-03-27T18:35:00.000Z,A321,32B,,EFHK,EFIV,,20,,J,,2026-03-27T18:35:30.000Z
20260327T183500Z_AY1077_D_EFHK,D,AY1077,departure,2026-03-27T18:35:00.000Z,AT76,AT7,,EFHK,EVRA,,10,,J,,2026-03-27T18:38:52.000Z
20260327T184000Z_BT307_A_EFHK,A,BT307,arrival,2026-03-27T18:40:00.000Z,BCS3,CS3,,EVRA,EFHK,,18,,J,2026-03-27T18:29:51.000Z,2026-03-27T17:34:00.000Z
20260327T184500Z_AY1027_D_EFHK,D,AY1027,departure,2026-03-27T18:45:00.000Z,AT76,AT7,,EFHK,EETN,,9,,J,,2026-03-27T18:44:32.000Z
20260327T185000Z_D85422_A_EFHK,A,D85422,arrival,2026-03-27T18:50:00.000Z,B738,73H,,LEAL,EFHK,,16,,J,2026-03-27T19:07:51.000Z,2026-03-27T14:31:00.000Z
20260327T185000Z_AY1549_D_EFHK,D,AY1549,departure,2026-03-27T18:50:00.000Z,E190,E90,,EFHK,EBBR,,28,,J,,2026-03-27T18:39:42.000Z
20260327T185500Z_AY143_D_EFHK,D,AY143,departure,2026-03-27T18:55:00.000Z,A359,359,,EFHK,VTBS,,45A,,J,,2026-03-27T18:54:25.000Z
20260327T185500Z_AY7001_D_EFHK,D,AY7001,departure,2026-03-27T18:55:00.000Z,AT76,AT7,,EFHK,EFOU,,6,,J,,2026-03-27T18:53:55.000Z
20260327T191000Z_AY1336_A_EFHK,A,AY1336,arrival,2026-03-27T19:10:00.000Z,A321,32B,,EGLL,EFHK,,44,,J,2026-03-27T18:57:17.000Z,2026-03-27T16:10:00.000Z
20260327T192000Z_AY1031_D_EFHK,D,AY1031,departure,2026-03-27T19:20:00.000Z,AT76,AT7,,EFHK,EETN,,8,,J,,2026-03-27T19:13:55.000Z
20260327T192000Z_BT308_D_EFHK,D,BT308,departure,2026-03-27T19:20:00.000Z,BCS3,CS3,,EFHK,EVRA,,18,,J,,2026-03-27T19:07:41.000Z
20260327T192500Z_AY1722_A_EFHK,A,AY1722,arrival,2026-03-27T19:25:00.000Z,A359,359,,GCLP,EFHK,,,,J,2026-03-27T19:18:32.000Z,2026-03-27T13:24:00.000Z
20260327T193000Z_D85423_D_EFHK,D,D85423,departure,2026-03-27T19:30:00.000Z,B738,73H,,EFHK,LEAL,,16,,J,,2026-03-27T19:51:11.000Z
20260327T193500Z_AY946_A_EFHK,A,AY946,arrival,2026-03-27T19:35:00.000Z,E190,E90,,ENTC,EFHK,,34,,J,2026-03-27T19:34:49.000Z,2026-03-27T17:55:00.000Z
20260327T195000Z_AY1426_A_EFHK,A,AY1426,arrival,2026-03-27T19:50:00.000Z,E190,E90,,EDDH,EFHK,,30,,J,2026-03-27T19:39:14.000Z,2026-03-27T17:53:00.000Z
20260327T195500Z_JTD914_A_EFHK,A,JTD914,arrival,2026-03-27T19:55:00.000Z,B738,73H,,GCLP,EFHK,,16,,C,2026-03-27T20:18:57.000Z,2026-03-27T14:01:00.000Z
20260327T195500Z_FR9145_A_EFHK,A,FR9145,arrival,2026-03-27T19:55:00.000Z,B738,73K,,EGSS,EFHK,,46,,J,2026-03-27T19:47:38.000Z,
20260327T195500Z_AY960_A_EFHK,A,AY960,arrival,2026-03-27T19:55:00.000Z,A321,32B,,EKCH,EFHK,,27,,J,2026-03-27T19:48:38.000Z,2026-03-27T18:15:00.000Z
20260327T200000Z_AY1396_A_EFHK,A,AY1396,arrival,2026-03-27T20:00:00.000Z,A319,319,,EDDL,EFHK,,19,,J,2026-03-27T19:57:34.000Z,2026-03-27T17:37:00.000Z
20260327T200000Z_AY520_A_EFHK,A,AY520,arrival,2026-03-27T20:00:00.000Z,AT76,AT7,,EFKE,EFHK,,5,,J,2026-03-27T19:24:44.000Z,
20260327T200000Z_5X291_D_EFHK,D,5X291,departure,2026-03-27T20:00:00.000Z,B763,76V,,EFHK,ESMS,,,,F,,2026-03-27T20:00:08.000Z
20260327T200500Z_AY1146_A_EFHK,A,AY1146,arrival,2026-03-27T20:05:00.000Z,E190,E90,,EPWA,EFHK,,35,,J,2026-03-27T19:43:02.000Z,
20260327T201000Z_AY1692_A_EFHK,A,AY1692,arrival,2026-03-27T20:10:00.000Z,A321,32B,,GCTS,EFHK,,13,,J,2026-03-27T20:12:32.000Z,2026-03-27T13:54:00.000Z
20260327T201000Z_AY1436_A_EFHK,A,AY1436,arrival,2026-03-27T20:10:00.000Z,A321,32B,,EDDB,EFHK,,28,,J,2026-03-27T20:11:51.000Z,2026-03-27T18:17:00.000Z
20260327T201500Z_AY1406_A_EFHK,A,AY1406,arrival,2026-03-27T20:15:00.000Z,A320,320,,EDDM,EFHK,,25,,J,2026-03-27T20:15:34.000Z,2026-03-27T17:38:00.000Z
20260327T201500Z_AY446_A_EFHK,A,AY446,arrival,2026-03-27T20:15:00.000Z,A320,320,,EFOU,EFHK,,23,,J,2026-03-27T19:49:42.000Z,2026-03-27T18:53:00.000Z
20260327T202000Z_AY924_A_EFHK,A,AY924,arrival,2026-03-27T20:20:00.000Z,AT76,AT7,,ENBR,EFHK,,,,J,2026-03-27T20:55:49.000Z,2026-03-27T18:30:00.000Z
20260327T202000Z_AY1028_A_EFHK,A,AY1028,arrival,2026-03-27T20:20:00.000Z,AT76,AT7,,EETN,EFHK,,8,,J,2026-03-27T19:59:41.000Z,
20260327T202000Z_QY3611_D_EFHK,D,QY3611,departure,2026-03-27T20:20:00.000Z,A306,AB6,,EFHK,EDDP,,,,F,,2026-03-27T20:17:53.000Z
20260327T202500Z_AY1306_A_EFHK,A,AY1306,arrival,2026-03-27T20:25:00.000Z,A321,321,,EHAM,EFHK,,24,,J,2026-03-27T20:26:10.000Z,2026-03-27T18:10:00.000Z
20260327T202500Z_D82615_A_EFHK,A,D82615,arrival,2026-03-27T20:25:00.000Z,B38M,7M8,,ESSA,EFHK,,18,,J,2026-03-27T20:08:44.000Z,2026-03-27T19:15:00.000Z
20260327T203000Z_D82885_A_EFHK,A,D82885,arrival,2026-03-27T20:30:00.000Z,B38M,7M8,,LEMG,EFHK,,17,,J,2026-03-27T20:22:13.000Z,2026-03-27T15:45:00.000Z
20260327T203000Z_AY214_A_EFHK,A,AY214,arrival,2026-03-27T20:30:00.000Z,AT76,AT7,,EFMA,EFHK,,6,,J,2026-03-27T20:01:27.000Z,
20260327T203000Z_FR9144_D_EFHK,D,FR9144,departure,2026-03-27T20:30:00.000Z,B738,73K,,EFHK,EGSS,,46,,J,,2026-03-27T20:32:14.000Z
20260327T203500Z_AY144_A_EFHK,A,AY144,arrival,2026-03-27T20:35:00.000Z,A359,359,,VTBS,EFHK,,45A,,J,2026-03-27T20:13:10.000Z,
20260327T204000Z_AY1476_A_EFHK,A,AY1476,arrival,2026-03-27T20:40:00.000Z,A320,320,,LOWW,EFHK,,15,,J,2026-03-27T20:31:32.000Z,2026-03-27T18:13:00.000Z
20260327T204500Z_AY1546_A_EFHK,A,AY1546,arrival,2026-03-27T20:45:00.000Z,A320,320,,EBBR,EFHK,,12,,J,2026-03-27T20:25:31.000Z,2026-03-27T18:03:00.000Z
20260327T205000Z_AY1740_A_EFHK,A,AY1740,arrival,2026-03-27T20:50:00.000Z,A321,32B,,LPPT,EFHK,,29,,J,2026-03-27T20:45:54.000Z,2026-03-27T16:16:00.000Z
20260327T205000Z_AY1416_A_EFHK,A,AY1416,arrival,2026-03-27T20:50:00.000Z,A320,320,,EDDF,EFHK,,22,,J,2026-03-27T20:47:34.000Z,2026-03-27T18:22:00.000Z
20260327T205000Z_AY1224_A_EFHK,A,AY1224,arrival,2026-03-27T20:50:00.000Z,E190,E90,,LKPR,EFHK,,20,,J,2026-03-27T20:29:08.000Z,2026-03-27T18:20:00.000Z
20260327T205500Z_AY1032_A_EFHK,A,AY1032,arrival,2026-03-27T20:55:00.000Z,AT76,AT7,,EETN,EFHK,,,,J,2026-03-27T20:28:33.000Z,2026-03-27T19:57:00.000Z
20260327T205500Z_AY456_A_EFHK,A,AY456,arrival,2026-03-27T20:55:00.000Z,AT76,AT7,,EFOU,EFHK,,9,,J,2026-03-27T20:37:18.000Z,
20260327T205500Z_AY1578_A_EFHK,A,AY1578,arrival,2026-03-27T20:55:00.000Z,E190,E90,,LFPG,EFHK,,21,,J,2026-03-27T20:51:52.000Z,
20260327T205500Z_AY1514_A_EFHK,A,AY1514,arrival,2026-03-27T20:55:00.000Z,A319,319,,LSZH,EFHK,,32,,J,2026-03-27T20:43:35.000Z,2026-03-27T18:00:00.000Z
20260327T210000Z_AY1366_A_EFHK,A,AY1366,arrival,2026-03-27T21:00:00.000Z,E190,E90,,EGCC,EFHK,,49,,J,2026-03-27T20:39:29.000Z,2026-03-27T18:05:00.000Z
20260327T210000Z_AY1108_A_EFHK,A,AY1108,arrival,2026-03-27T21:00:00.000Z,AT76,AT7,,EYVI,EFHK,,11,,J,2026-03-27T20:49:14.000Z,
20260327T210000Z_AY1338_A_EFHK,A,AY1338,arrival,2026-03-27T21:00:00.000Z,A321,32B,,EGLL,EFHK,,40,,J,2026-03-27T20:36:17.000Z,2026-03-27T18:00:00.000Z
20260327T210500Z_AY1756_A_EFHK,A,AY1756,arrival,2026-03-27T21:05:00.000Z,A320,320,,LIMC,EFHK,,36A,,J,2026-03-27T21:08:54.000Z,2026-03-27T18:06:00.000Z
20260327T210500Z_AY538_A_EFHK,A,AY538,arrival,2026-03-27T21:05:00.000Z,A319,319,,EFRO,EFHK,,30,,J,2026-03-27T20:45:24.000Z,
20260327T210500Z_AY1386_A_EFHK,A,AY1386,arrival,2026-03-27T21:05:00.000Z,A320,320,,EIDW,EFHK,,43,,J,2026-03-27T21:07:28.000Z,2026-03-27T18:21:00.000Z
20260327T211000Z_AY1764_A_EFHK,A,AY1764,arrival,2026-03-27T21:10:00.000Z,A320,320,,LIRF,EFHK,,13,,J,2026-03-27T20:59:18.000Z,2026-03-27T17:35:00.000Z
20260327T211000Z_AY1534_A_EFHK,A,AY1534,arrival,2026-03-27T21:10:00.000Z,E190,E90,,LSGG,EFHK,,36,,J,2026-03-27T21:00:09.000Z,2026-03-27T18:01:00.000Z
20260327T211000Z_AY820_A_EFHK,A,AY820,arrival,2026-03-27T21:10:00.000Z,A319,319,,ESSA,EFHK,,26,,J,2026-03-27T20:49:43.000Z,2026-03-27T20:00:00.000Z
20260327T211500Z_AY918_A_EFHK,A,AY918,arrival,2026-03-27T21:15:00.000Z,E190,E90,,ENGM,EFHK,,28,,J,2026-03-27T21:13:19.000Z,
20260327T211500Z_AY1078_A_EFHK,A,AY1078,arrival,2026-03-27T21:15:00.000Z,AT76,AT7,,EVRA,EFHK,,,,J,2026-03-27T21:09:46.000Z,2026-03-27T20:05:00.000Z
20260327T211500Z_AY868_A_EFHK,A,AY868,arrival,2026-03-27T21:15:00.000Z,AT76,AT7,,ESGG,EFHK,,10,,J,2026-03-27T20:54:46.000Z,
20260327T212000Z_AY869_D_EFHK,D,AY869,departure,2026-03-27T21:20:00.000Z,E190,E90,,EFHK,ESGG,,34,,J,,2026-03-27T21:23:24.000Z
20260327T212000Z_AY961_D_EFHK,D,AY961,departure,2026-03-27T21:20:00.000Z,E190,E90,,EFHK,EKCH,,35,,J,,2026-03-27T21:11:38.000Z
20260327T213500Z_AY539_D_EFHK,D,AY539,departure,2026-03-27T21:35:00.000Z,E190,E90,,EFHK,EFRO,,21,,J,,2026-03-27T21:44:53.000Z
20260327T214000Z_AY289_D_EFHK,D,AY289,departure,2026-03-27T21:40:00.000Z,AT76,AT7,,EFHK,EFJY,,5,,J,,2026-03-27T21:43:01.000Z
20260327T215000Z_AY1035_D_EFHK,D,AY1035,departure,2026-03-27T21:50:00.000Z,AT76,AT7,,EFHK,EETN,,10,,J,,2026-03-27T21:47:19.000Z
20260327T215000Z_AY375_D_EFHK,D,AY375,departure,2026-03-27T21:50:00.000Z,AT76,AT7,,EFHK,EFKU,,8,,J,,2026-03-27T21:50:03.000Z
20260327T215500Z_AY449_D_EFHK,D,AY449,departure,2026-03-27T21:55:00.000Z,A319,319,,EFHK,EFOU,,30,,J,,2026-03-27T21:51:17.000Z
20260327T215500Z_AY321_D_EFHK,D,AY321,departure,2026-03-27T21:55:00.000Z,AT76,AT7,,EFHK,EFVA,,9,,J,,2026-03-27T21:53:43.000Z
20260327T215500Z_AY131_D_EFHK,D,AY131,departure,2026-03-27T21:55:00.000Z,A359,359,,EFHK,WSSS,,42,,J,,2026-03-27T21:57:20.000Z
20260327T215500Z_AY919_D_EFHK,D,AY919,departure,2026-03-27T21:55:00.000Z,E190,E90,,EFHK,ENGM,,28,,J,,2026-03-27T21:54:32.000Z
20260327T220500Z_KL1255_A_EFHK,A,KL1255,arrival,2026-03-27T22:05:00.000Z,A21N,32Q,,EHAM,EFHK,,20,,J,2026-03-27T22:00:41.000Z,2026-03-27T19:50:00.000Z
20260327T220500Z_AY825_D_EFHK,D,AY825,departure,2026-03-27T22:05:00.000Z,AT76,AT7,,EFHK,ESSA,,11,,J,,2026-03-27T21:59:32.000Z
20260327T221000Z_AY1045_D_EFHK,D,AY1045,departure,2026-03-27T22:10:00.000Z,AT76,AT7,,EFHK,EETU,,6,,J,,2026-03-27T22:05:30.000Z
20260327T221500Z_D82879_A_EFHK,A,D82879,arrival,2026-03-27T22:15:00.000Z,B38M,7M8,,GCTS,EFHK,,21,,J,2026-03-27T22:27:01.000Z,2026-03-27T16:09:00.000Z
20260327T222000Z_AY8936_A_EFHK,A,AY8936,arrival,2026-03-27T22:20:00.000Z,AT76,AT7,,EFOU,EFHK,,,,P,2026-03-27T21:51:22.000Z,2026-03-27T20:39:00.000Z
20260327T222000Z_JTD9630_A_EFHK,A,JTD9630,arrival,2026-03-27T22:20:00.000Z,B738,73H,,ESSA,EFHK,,,,P,2026-03-27T22:24:39.000Z,
20260327T223000Z_BT325_A_EFHK,A,BT325,arrival,2026-03-27T22:30:00.000Z,BCS3,CS3,,EVRA,EFHK,,30,,J,2026-03-27T22:38:02.000Z,2026-03-27T21:42:00.000Z
20260327T225000Z_AY1702_A_EFHK,A,AY1702,arrival,2026-03-27T22:50:00.000Z,A321,32B,,GCFV,EFHK,,28,,J,2026-03-27T22:32:30.000Z,2026-03-27T16:31:00.000Z
20260327T225000Z_AY099_D_EFHK,D,AY099,departure,2026-03-27T22:50:00.000Z,A359,359,,EFHK,VHHH,,45A,,J,,2026-03-27T22:47:50.000Z
20260327T230500Z_D82873_A_EFHK,A,D82873,arrival,2026-03-27T23:05:00.000Z,B38M,7M8,,GCLP,EFHK,,18,,J,2026-03-27T22:54:43.000Z,2026-03-27T16:42:00.000Z
20260327T232000Z_LH854_A_EFHK,A,LH854,arrival,2026-03-27T23:20:00.000Z,A320,320,,EDDF,EFHK,,21,,J,2026-03-27T23:23:38.000Z,2026-03-27T21:01:00.000Z
20260327T233500Z_AY639_A_EFHK,A,AY639,arrival,2026-03-27T23:35:00.000Z,A321,32B,,EFKT,EFHK,,32,,J,2026-03-27T23:17:01.000Z,
20260328T020000Z_AY062_A_EFHK,A,AY062,arrival,2026-03-28T02:00:00.000Z,A359,359,,RJTT,EFHK,,42,,J,2026-03-28T01:27:48.000Z,2026-03-27T12:55:00.000Z
20260328T030000Z_AY074_A_EFHK,A,AY074,arrival,2026-03-28T03:00:00.000Z,A359,359,,RJAA,EFHK,,45A,,J,2026-03-28T02:39:15.000Z,2026-03-27T14:07:00.000Z
20260328T031500Z_AY088_A_EFHK,A,AY088,arrival,2026-03-28T03:15:00.000Z,A359,359,,ZSPD,EFHK,,44,,J,2026-03-28T02:53:09.000Z,2026-03-27T13:01:00.000Z
20260328T034000Z_AY042_A_EFHK,A,AY042,arrival,2026-03-28T03:40:00.000Z,A359,359,,RKSI,EFHK,,52,,J,2026-03-28T03:00:04.000Z,
20260328T034500Z_AY132_A_EFHK,A,AY132,arrival,2026-03-28T03:45:00.000Z,A359,359,,WSSS,EFHK,,48,,J,2026-03-28T03:16:52.000Z,2026-03-27T14:09:00.000Z
20260328T034500Z_AY100_A_EFHK,A,AY100,arrival,2026-03-28T03:45:00.000Z,A359,359,,VHHH,EFHK,,40,,J,2026-03-28T03:00:28.000Z,
